{
    "0.0": "Country not disclosed",
    "4.0": "Afghanistan",
    "8.0": "Albania",
    "10.0": "Antarctica",
    "12.0": "Algeria",
    "16.0": "American Samoa/Oceania",
    "20.0": "Andorra",
    "24.0": "Angola",
    "28.0": "Antigua",
    "31.0": "Azerbaijan",
    "32.0": "Argentina",
    "36.0": "Australia",
    "40.0": "Austria",
    "44.0": "Bahamas",
    "48.0": "Bahrain",
    "50.0": "Bangladesh",
    "51.0": "Armenia",
    "52.0": "Barbados",
    "56.0": "Belgium",
    "60.0": "Bermuda",
    "64.0": "Bhutan",
    "68.0": "Bolivia",
    "70.0": "Bosnia Herzegovina",
    "72.0": "Botswana",
    "74.0": "Bouvet Island",
    "76.0": "Brazil",
    "84.0": "Belize",
    "86.0": "British Indian Ocean Territory",
    "90.0": "Solomon Island",
    "92.0": "Virgin Islands (Br)",
    "96.0": "Brunei",
    "100.0": "Bulgaria",
    "104.0": "Myanmar (Burma)",
    "108.0": "Burundi",
    "112.0": "Belarus",
    "116.0": "Cambodia/Kampuchea",
    "120.0": "Cameroon",
    "124.0": "Canada",
    "132.0": "Cape Verde Islands",
    "136.0": "Cayman Islands",
    "140.0": "Central African Rep",
    "144.0": "Sri Lanka",
    "148.0": "Chad",
    "152.0": "Chile",
    "156.0": "China (excl Taiwan)/Tibet",
    "158.0": "Taiwan",
    "162.0": "Christmas Is/Oceania",
    "166.0": "Cocos I/Oceania",
    "170.0": "Colombia",
    "174.0": "Comoros",
    "175.0": "Mayotte",
    "178.0": "Congo (Brazzaville)",
    "180.0": "Democratic Republic of Congo",
    "184.0": "Cook Is/Oceania",
    "188.0": "Costa Rica",
    "191.0": "Croatia",
    "192.0": "Cuba",
    "203.0": "Czech Republic",
    "204.0": "Benin",
    "208.0": "Denmark",
    "212.0": "Dominica",
    "214.0": "Dominican Republic",
    "218.0": "Ecuador",
    "222.0": "El Salvador",
    "225.0": "South Sudan",
    "226.0": "Equatorial Guinea",
    "231.0": "Ethiopia",
    "232.0": "Eritrea",
    "233.0": "Estonia",
    "234.0": "Faroe Islands",
    "238.0": "Falkland Is/British Antarctic",
    "239.0": "South Georgia/South Sandwich Islands",
    "242.0": "Fiji",
    "246.0": "Finland",
    "248.0": "Aland Islands",
    "250.0": "France/Corsica",
    "254.0": "French Guiana",
    "258.0": "French Polynesia/Tahiti",
    "260.0": "French Southern/Antarctic Territories",
    "262.0": "Djibouti",
    "266.0": "Gabon",
    "268.0": "Georgia",
    "270.0": "Gambia",
    "275.0": "Palestine",
    "276.0": "Germany",
    "288.0": "Ghana",
    "292.0": "Gibraltar",
    "296.0": "Oceania Islands",
    "300.0": "Greece/Crete/Rhodes",
    "304.0": "Greenland",
    "308.0": "Grenada",
    "312.0": "Guadeloupe",
    "316.0": "Guam",
    "320.0": "Guatemala",
    "324.0": "Guinea",
    "328.0": "Guyana",
    "332.0": "Haiti",
    "334.0": "Heard & McDonald Islands",
    "336.0": "Vatican",
    "340.0": "Honduras",
    "344.0": "Hong Kong",
    "345.0": "Hong Kong Special",
    "348.0": "Hungary",
    "352.0": "Iceland",
    "356.0": "India",
    "360.0": "Bali/Borneo/Indonesia",
    "364.0": "Iran",
    "368.0": "Iraq",
    "372.0": "Irish Republic",
    "376.0": "Israel",
    "380.0": "Italy/Sardinia",
    "384.0": "Ivory Coast",
    "388.0": "Jamaica",
    "392.0": "Japan",
    "398.0": "Kazakhstan",
    "400.0": "Jordan",
    "404.0": "Kenya",
    "408.0": "North Korea",
    "410.0": "South Korea",
    "414.0": "Kuwait",
    "417.0": "Kyrgyzstan",
    "418.0": "Laos",
    "422.0": "Lebanon",
    "426.0": "Lesotho",
    "428.0": "Latvia",
    "430.0": "Liberia",
    "434.0": "Libya",
    "438.0": "Liechtenstein",
    "440.0": "Lithuania",
    "442.0": "Luxembourg",
    "446.0": "Macao",
    "450.0": "Madagascar",
    "454.0": "Malawi",
    "458.0": "Malaysia",
    "462.0": "Maldives",
    "466.0": "Mali",
    "470.0": "Malta",
    "474.0": "Martinique",
    "475.0": "Curacao",
    "477.0": "Bonaire",
    "478.0": "Mauritania",
    "479.0": "St Maarten",
    "480.0": "Mauritius",
    "484.0": "Mexico",
    "492.0": "Monaco",
    "496.0": "Mongolia",
    "498.0": "Moldova",
    "499.0": "Montenegro",
    "500.0": "Montserrat",
    "504.0": "Morocco",
    "508.0": "Mozambique",
    "512.0": "Oman",
    "516.0": "Namibia",
    "520.0": "Nauru/Oceania",
    "524.0": "Nepal",
    "528.0": "Holland",
    "530.0": "Antilles",
    "531.0": "Curacao",
    "533.0": "Aruba",
    "534.0": "Netherlands Antilles",
    "540.0": "New Caledonia",
    "548.0": "Vanuatu",
    "554.0": "New Zealand",
    "558.0": "Nicaragua",
    "562.0": "Niger",
    "566.0": "Nigeria",
    "570.0": "Niue Island",
    "574.0": "Norfolk Island",
    "578.0": "Norway",
    "580.0": "Mariana Island",
    "581.0": "Pacific Islands",
    "583.0": "Micronesia",
    "584.0": "Marshall Island",
    "585.0": "Palau",
    "586.0": "Pakistan",
    "591.0": "Panama",
    "598.0": "Papua New Guinea",
    "600.0": "Paraguay",
    "604.0": "Peru",
    "608.0": "Philippines",
    "612.0": "Pitcairn Islands",
    "616.0": "Poland",
    "620.0": "Portugal",
    "621.0": "Madeira/Azores",
    "624.0": "Guinea - Bissau",
    "626.0": "East Timor",
    "630.0": "Puerto Rico",
    "634.0": "Qatar",
    "638.0": "Reunion Island",
    "642.0": "Romania",
    "643.0": "Russia",
    "646.0": "Rwanda",
    "652.0": "St Barthelemy",
    "654.0": "Ascension Islands/St Helena/Tristan da Cunha",
    "659.0": "Nevis/St Kitts",
    "660.0": "Anguilla",
    "662.0": "St Lucia",
    "663.0": "St Martin",
    "666.0": "St Pierre et Miquelon",
    "670.0": "Grenadines/St Vincent",
    "674.0": "San Marino",
    "678.0": "Sao Tome",
    "682.0": "Saudi Arabia",
    "686.0": "Senegal",
    "688.0": "Serbia",
    "690.0": "Seychelles",
    "694.0": "Sierra Leone",
    "702.0": "Singapore",
    "703.0": "Slovakia",
    "704.0": "Vietnam",
    "705.0": "Slovenia",
    "706.0": "Somalia",
    "710.0": "South Africa",
    "716.0": "Zimbabwe",
    "728.0": "South Sudan",
    "729.0": "North Sudan",
    "740.0": "Surinam/Dutch Guiana",
    "748.0": "Swaziland",
    "752.0": "Sweden",
    "756.0": "Switzerland",
    "760.0": "Syria",
    "762.0": "Tajikistan",
    "764.0": "Thailand",
    "768.0": "Togo",
    "780.0": "Trinidad & Tobago",
    "784.0": "United Arab Emirates",
    "788.0": "Tunisia",
    "792.0": "Turkey",
    "795.0": "Turkmenistan",
    "796.0": "Turks & Caicos Islands",
    "800.0": "Uganda",
    "804.0": "Ukraine",
    "807.0": "Macedonia",
    "818.0": "Egypt",
    "830.0": "British Overseas Territories",
    "831.0": "Guernsey",
    "832.0": "Jersey",
    "833.0": "Isle Of Man",
    "834.0": "Tanzania",
    "840.0": "USA",
    "850.0": "US Virgin Isles",
    "854.0": "Burkina Faso",
    "858.0": "Uruguay",
    "860.0": "Uzbekistan",
    "862.0": "Venezuela",
    "876.0": "Wallis & Futuna Islands",
    "882.0": "Samoa",
    "887.0": "Yemen (North & South)",
    "894.0": "Zambia",
    "901.0": "South Cyprus",
    "902.0": "North Cyprus",
    "911.0": "Spain",
    "912.0": "Canary Islands",
    "926.0": "UK",
    "931.0": "Channel Islands",
    "940.0": "Cruise - Europe/Departures",
    "941.0": "Cruise - Elsewhere/Departures",
    "942.0": "Cruise - Europe/Arrivals - UK Ship",
    "943.0": "Cruise - Europe/Arrivals - Foreign Ship",
    "944.0": "Cruise - Europe/Arrivals - DK Ship",
    "945.0": "Cruise - Elsewhere/Arrivals - UK Ship",
    "946.0": "Cruise - Elsewhere/Arrivals - Foreign Ship",
    "947.0": "Cruise - Elsewhere/Arrivals - DK Ship",
    "949.0": "Cruise - DK where - Arr & Dep",
    "950.0": "Short Haul",
    "951.0": "Kosova",
    "958.0": "Stateless",
    "9999.0": "Country Not Stated"
}