{
    "10.0": "Holiday/pleasure",
    "11.0": "Visit family (priority)",
    "12.0": "Visit friends",
    "13.0": "Getting married",
    "14.0": "Play amateur sport",
    "15.0": "Watch sport",
    "16.0": "Personal shopping",
    "17.0": "Cruise 0-2 nights ashore - UK",
    "18.0": "Cruise 0-2 nights ashore - For",
    "20.0": "Business; Work",
    "21.0": "Visit trade fair",
    "22.0": "Conference 20+ people",
    "23.0": "Definite job to go to",
    "24.0": "International commuter",
    "25.0": "Looking for work",
    "26.0": "Au Pair",
    "40.0": "Formal course (check residence and definition)",
    "41.0": "Medical treatment",
    "44.0": "Accompany / join",
    "45.0": "OTHER",
    "51.0": "Immigrating/Emigrating",
    "60.0": "Other formal study",
    "61.0": "First/foundation degree",
    "62.0": "Higher/PostGrad degree",
    "63.0": "English language course",
    "64.0": "Course between school and degree",
    "65.0": "Secondary education",
    "66.0": "Professional qualification",
    "70.0": "Overnight transit",
    "71.0": "Same day transit",
    "80.0": "Military (serving on duty)",
    "81.0": "Merchant navy (joining or leaving ship)",
    "82.0": "Airline crew (positioning)",
    "83.0": "Unacc schoolchild (16 or under, school to parents)",
    "97.0": "Coding query"
}