{
    "10.0": "Holiday/pleasure",
    "11.0": "Visit family (priority)",
    "12.0": "Visit friends",
    "13.0": "Getting married",
    "14.0": "Play amateur sport",
    "15.0": "Watch sport",
    "16.0": "Personal shopping",
    "17.0": "Cruise 0-2 nights ashore - UK",
    "18.0": "Cruise 0-2 nights ashore - For",
    "20.0": "Business; Work",
    "21.0": "Visit trade fair",
    "22.0": "Conference 20+ people",
    "23.0": "Definite job to go to",
    "24.0": "International commuter",
    "25.0": "Looking for work",
    "26.0": "Au Pair",
    "27.0": "Working Holiday",
    "30.0": "Olympics/Paralympics Participate",
    "31.0": "Olympics/Paralympics Work",
    "32.0": "Olympics/Paralympics Watch",
    "41.0": "Medical Treatment",
    "43.0": "Joining another traveller",
    "44.0": "Accompany another traveller",
    "45.0": "OTHER",
    "46.0": "Religious Pilgrimage",
    "47.0": "University Degree or Diploma",
    "50.0": "Asylum Seeker",
    "51.0": "Immigrating/Emigrating",
    "52.0": "Returning Home To Live",
    "60.0": "Formal Course",
    "61.0": "First or Foundation Degree",
    "62.0": "Higher or Postgraduate Degree",
    "63.0": "English language course (not degree level)",
    "64.0": "Other Course Below Degree Level & Above Secondary Education",
    "65.0": "Secondary education",
    "66.0": "Professional qualification",
    "70.0": "Overnight transit",
    "71.0": "Same day transit",
    "80.0": "Military or embassy (serving on duty)",
    "81.0": "Merchant navy (joining or leaving ship)",
    "82.0": "Airline crew (positioning)",
    "83.0": "Unacc schoolchild (16 or under, school to parents)",
    "84.0": "Embassy Personel"
}